TimeSeries ID,projects/225025244257/locations/us-central1/tensorboards/3015760283873312768/experiments/tuning-experiment-20251123195319017383/runs/tuning-experiment-run-20251123195319017383/timeSeries/602807583861899264,projects/225025244257/locations/us-central1/tensorboards/3015760283873312768/experiments/tuning-experiment-20251123195319017383/runs/tuning-experiment-run-20251123195319017383/timeSeries/5790954354592710656
3,1.5832911729812622,1.5067342519760132
2,1.5591845512390137,1.507562518119812
1,1.561273455619812,1.5066273212432861